{"cameraMode":{"drawMode":0,"name":"Shaded","section":"Shading Mode"},"sceneLighting":true,"audioPlay":false,"sceneViewState":{"m_AlwaysRefresh":false,"showFog":true,"showSkybox":true,"showFlares":true,"showImageEffects":true,"showParticleSystems":true,"showVisualEffectGraphs":true,"m_FxEnabled":true},"in2DMode":false,"pivot":{"x":-4.724010944366455,"y":4.258196830749512,"z":-13.654788970947266},"rotation":{"x":0.0014745380030944944,"y":0.9869353175163269,"z":-0.1618255227804184,"w":0.007584046572446823},"size":8.415071487426758,"orthographic":false}